ABHAID,ADHARCARD,NAME,MOBILE,EMAIL,GENDER,DOB,BLOOD GROUP,WEIGHT ,MARTIAL STATUS,SPOUSE NAME,STREET,AREA,CITY,DISTRICT,PINCODE,STATE,PATIENT NAME,PATIENT RELATION
91835900870307,,Surendra Sharma  ,9922116095,Surendra.Sharmagmail.com,Male,14/06/1985,AB+,72,Yes,,,,Jaipur,Jaipur,302009,Rajasthan,,
91948415034722,,Rakesh Prajapati  ,9803647412,Rakesh.Prajapatigmail.com,Male,13/06/1988,AB-,64,Yes,,,,Jaipur,Jaipur,302030,Rajasthan,,
91632484267371,,Mahesh Singh  ,9871406676,Mahesh.Singhgmail.com,Male,15/06/1980,A-,88,Yes,,,,Jaipur,Jaipur,302015,Rajasthan,,
91828078741131,,Ravi Kumar  ,9914936055,Ravi.Kumargmail.com,Male,13/06/1989,O-,67,Yes,,,,Jaipur,Jaipur,302014,Rajasthan,,
91501869532796,,Prem Prakash  ,6199530117,Prem.Prakashgmail.com,Male,16/06/1977,O-,64,Yes,,,,Jaipur,Jaipur,302010,Rajasthan,,
91446748256810,,Rahul Jangid  ,9923738396,Rahul.Jangidgmail.com,Male,15/06/1982,AB-,85,Yes,,,,Jaipur,Jaipur,302018,Rajasthan,,
91620002109922,,Seema Singaria  ,9948714313,Seema.Singariagmail.com,Female ,16/06/1979,O-,56,Yes,,,,Jaipur,Jaipur,302031,Rajasthan,,
91078320348058,,Hirdesh Kumar  ,9891141518,Hirdesh.Kumargmail.com,Male,15/06/1981,A+,78,Yes,,,,Jaipur,Jaipur,302035,Rajasthan,,
91920012670443,,Sandeep Rayal  ,6102964963,Sandeep.Rayalgmail.com,Male,14/06/1987,AB-,80,Yes,,,,Jaipur,Jaipur,302033,Rajasthan,,
91888094318936,,Jitendra Verma  ,9840024278,Jitendra.Vermagmail.com,Male,10/06/2000,AB-,62,No,,,,Jaipur,Jaipur,302022,Rajasthan,,
91884297989117,,Kamlesh Sharma  ,9888357912,Kamlesh.Sharmagmail.com,Male,11/06/1996,A-,72,Yes,,,,Jaipur,Jaipur,302016,Rajasthan,,
91781785984881,,Jitendra Sharma  ,9942858927,Jitendra.Sharmagmail.com,Male,16/06/1978,A-,57,Yes,,,,Jaipur,Jaipur,302007,Rajasthan,,
91276628612980,,Jitendra Verma  ,9891150223,Jitendra.Vermagmail.com,Male,18/06/1971,A+,51,Yes,,,,Jaipur,Jaipur,302013,Rajasthan,,
91267325550323,,Reena Jain  ,9906294602,Reena.Jaingmail.com,Female ,18/06/1968,AB-,87,Yes,,,,Jaipur,Jaipur,302038,Rajasthan,,
91503222851059,,Gajanand Sharma  ,9806265742,Gajanand.Sharmagmail.com,Male,17/06/1972,B+,94,Yes,,,,Jaipur,Jaipur,302037,Rajasthan,,
91453058348945,,Dinesh Agarwal  ,6102283114,Dinesh.Agarwalgmail.com,Male,17/06/1975,A+,78,Yes,,,,Jaipur,Jaipur,302036,Rajasthan,,
91660321251412,,Arpit Goyal  ,6134029674,Arpit.Goyalgmail.com,Male,15/06/1981,AB+,75,Yes,,,,Jaipur,Jaipur,302008,Rajasthan,,
91216754087912,,Rajani Kumari  ,6142541044,Rajani.Kumarigmail.com,Female ,14/06/1986,B-,60,Yes,,,,Jaipur,Jaipur,302016,Rajasthan,,
91186041218894,,Saraswati Verma  ,9820232181,Saraswati.Vermagmail.com,Female ,18/06/1971,B+,97,Yes,,,,Jaipur,Jaipur,302008,Rajasthan,,
91508992915549,,Jyoti Garg  ,9805754158,Jyoti.Garggmail.com,Female ,10/06/2003,O-,59,No,,,,Jaipur,Jaipur,302024,Rajasthan,,
91426465899493,,Mahesh Singh  ,9917491576,Mahesh.Singhgmail.com,Male,17/06/1972,A-,67,Yes,,,,Jaipur,Jaipur,302025,Rajasthan,,
91116653025186,,Ravindra kumar  ,6111480887,Ravindra.kumargmail.com,Male,13/06/1991,B-,53,Yes,,,,Jaipur,Jaipur,302010,Rajasthan,,
91811679972819,,ABHISHEK CHOUDHARY  ,6183444848,ABHISHEK.CHOUDHARYgmail.com,Male,,B-,63,Yes,,,,Jaipur,Jaipur,302026,Rajasthan,,
91051484163901,,AMAN KALA  ,6105007018,AMAN.KALAgmail.com,Male,19/06/1965,AB+,84,Yes,,,,Jaipur,Jaipur,302009,Rajasthan,,
91090559617469,,ANKESH AGRAWAL  ,6125779476,ANKESH.AGRAWALgmail.com,Male,10/06/2002,A+,55,No,,,,Jaipur,Jaipur,302026,Rajasthan,,
91031561094581,,ANURAG SHARMA  ,6134266272,ANURAG.SHARMAgmail.com,Male,16/06/1978,A-,91,Yes,,,,Jaipur,Jaipur,302014,Rajasthan,,
91388565525223,,ARJUN DEY  ,9950029482,ARJUN.DEYgmail.com,Male,16/06/1976,B-,62,Yes,,,,Jaipur,Jaipur,302005,Rajasthan,,
91398539827996,,ARPIT KHANDELWAL  ,6160012368,ARPIT.KHANDELWALgmail.com,Male,10/06/2002,AB+,86,No,,,,Jaipur,Jaipur,302031,Rajasthan,,
91895563278930,,AVINASH SINGH RAWAT ,9878319955,AVINASH.SINGHgmail.com,Male,18/06/1970,B+,82,Yes,,,,Jaipur,Jaipur,302010,Rajasthan,,
91704613564876,,DEVENDRA SINGH SHEKHAWAT .,6167751025,DEVENDRA.SINGHgmail.com,Male,16/06/1976,O+,71,Yes,,,,Jaipur,Jaipur,302022,Rajasthan,,
91098867836867,,DHRUV SHARMA  ,6151160837,DHRUV.SHARMAgmail.com,Male,13/06/1991,O-,58,Yes,,,,Jaipur,Jaipur,302029,Rajasthan,,
91234057033919,,GAUTAM GAUR  ,6156944768,GAUTAM.GAURgmail.com,Male,11/06/1997,B+,59,Yes,,,,Jaipur,Jaipur,302009,Rajasthan,,
91371852239189,,HARSH CHHAPARWAL  ,9914436863,HARSH.CHHAPARWALgmail.com,Male,13/06/1989,B-,79,Yes,,,,Jaipur,Jaipur,302029,Rajasthan,,
91974830726969,,HIMANSHU LOHAR . ,6130816821,HIMANSHU.LOHARgmail.com,Male,11/06/1997,B-,55,Yes,,,,Jaipur,Jaipur,302028,Rajasthan,,
91296664984284,,HRITIK GOYAL  ,6142862018,HRITIK.GOYALgmail.com,Male,11/06/1996,O+,50,Yes,,,,Jaipur,Jaipur,302030,Rajasthan,,
91238230799338,,KARAN DEY  ,6154579886,KARAN.DEYgmail.com,Male,18/06/1971,AB-,92,Yes,,,,Jaipur,Jaipur,302035,Rajasthan,,
91620475100974,,KINSHUK AGRAWAL  ,9900544060,KINSHUK.AGRAWALgmail.com,Male,11/06/1996,AB-,76,Yes,,,,Jaipur,Jaipur,302038,Rajasthan,,
91185447024733,,KSHITIJ DIXIT  ,9923993107,KSHITIJ.DIXITgmail.com,Male,15/06/1980,B+,80,Yes,,,,Jaipur,Jaipur,302038,Rajasthan,,
91300992321799,,KUSHWAHA AKASH SHUBHASH PRASAD,9927587758,KUSHWAHA.AKASHgmail.com,Male,15/06/1983,AB+,51,Yes,,,,Jaipur,Jaipur,302029,Rajasthan,,
91879588893457,,MANAS JAIN  ,6153593265,MANAS.JAINgmail.com,Male,17/06/1972,A+,47,Yes,,,,Jaipur,Jaipur,302034,Rajasthan,,
91612108976003,,MANSI SAHAY  ,9865729184,MANSI.SAHAYgmail.com,Female ,10/06/2003,AB-,84,No,,,,Jaipur,Jaipur,302023,Rajasthan,,
91745989513709,,MD SHARIQUE AHMAD ,9904808988,MD.SHARIQUEgmail.com,Male,13/06/1988,AB+,97,Yes,,,,Jaipur,Jaipur,302012,Rajasthan,,
91453698422030,,NAGENDRA LAMORIA  ,6124694761,NAGENDRA.LAMORIAgmail.com,Male,11/06/1997,AB+,91,Yes,,,,Jaipur,Jaipur,302027,Rajasthan,,
91319801438271,,NISHANT JAIN  ,6129856762,NISHANT.JAINgmail.com,Male,14/06/1984,AB-,91,Yes,,,,Jaipur,Jaipur,302016,Rajasthan,,
91046523171935,,NITYA NIDHI  ,6143375221,NITYA.NIDHIgmail.com,Female ,15/06/1983,AB-,56,Yes,,,,Jaipur,Jaipur,302008,Rajasthan,,
91209879630917,,PRAGYA GHIYA  ,6143221649,PRAGYA.GHIYAgmail.com,Female ,14/06/1986,AB-,48,Yes,,,,Jaipur,Jaipur,302005,Rajasthan,,
91741291140099,,PRIYANSH JHALANI  ,9819894784,PRIYANSH.JHALANIgmail.com,Male,15/06/1983,AB-,56,Yes,,,,Jaipur,Jaipur,302007,Rajasthan,,
91054404339246,,PRIYANSHI JAIN  ,9857620217,PRIYANSHI.JAINgmail.com,Female ,14/06/1985,O-,54,Yes,,,,Jaipur,Jaipur,302006,Rajasthan,,
91557651171966,,RAHUL GURJAR  ,9954872411,RAHUL.GURJARgmail.com,Male,11/06/1999,O+,73,Yes,,,,Jaipur,Jaipur,302014,Rajasthan,,
91623153192581,,RAHUL MISHRA  ,9890080902,RAHUL.MISHRAgmail.com,Male,15/06/1980,A+,58,Yes,,,,Jaipur,Jaipur,302011,Rajasthan,,
91100751890222,,SAKSHI SHARMA . ,9885585861,SAKSHI.SHARMAgmail.com,Female ,10/06/2001,AB+,94,Yes,,,,Jaipur,Jaipur,302016,Rajasthan,,
91670597867396,,SANDEEP JANGID  ,9833096740,SANDEEP.JANGIDgmail.com,Male,13/06/1990,AB-,66,Yes,,,,Jaipur,Jaipur,302005,Rajasthan,,
91532725888983,,SARTHAK KHANDELWAL . ,9895653000,SARTHAK.KHANDELWALgmail.com,Male,09/06/2005,B-,60,No,,,,Jaipur,Jaipur,302039,Rajasthan,,
91072753021035,,SHREYA JAIN  ,6161238726,SHREYA.JAINgmail.com,Female ,15/06/1982,A-,76,Yes,,,,Jaipur,Jaipur,302038,Rajasthan,,
91216260881347,,SOMAN MITRA  ,9890033077,SOMAN.MITRAgmail.com,Male,16/06/1976,O-,57,Yes,,,,Jaipur,Jaipur,302011,Rajasthan,,
91538126761038,,TRIYANSHI GUPTA  ,6117452251,TRIYANSHI.GUPTAgmail.com,Female ,12/06/1993,O+,68,Yes,,,,Jaipur,Jaipur,302032,Rajasthan,,
91512092870319,,VIKAS SUTHAR  ,9977345484,VIKAS.SUTHARgmail.com,Male,12/06/1992,O-,95,Yes,,,,Jaipur,Jaipur,302034,Rajasthan,,
91552036732819,,DEVESH KUMAR  ,9972069886,DEVESH.KUMARgmail.com,Male,19/06/1964,B+,93,Yes,,,,Jaipur,Jaipur,302015,Rajasthan,,
91782238455278,,RUPALI DEVI  ,6149893982,RUPALI.DEVIgmail.com,Female ,13/06/1991,A+,87,Yes,,,,Jaipur,Jaipur,302023,Rajasthan,,
91154659552665,,Mahesh Joshi ,6114773698,#REF!,,12/06/1992,O+,83,Yes,,,,Jaipur,Jaipur,302021,Rajasthan,,
91734306047246,,Arpit Jain ,9919988171,#REF!,,13/06/1990,A-,81,Yes,,,,Jaipur,Jaipur,302035,Rajasthan,,
91372198709462,,Vijendra Sharma ,9986074587,#REF!,,17/06/1975,B-,49,Yes,,,,Jaipur,Jaipur,302027,Rajasthan,,
91341483590793,,Rohit Bhati,9832605256,#REF!,,15/06/1981,A-,98,Yes,,,,Jaipur,Jaipur,302039,Rajasthan,,
91378204569368,,Sahil Daduja ,9805002649,#REF!,,11/06/1999,A+,72,Yes,,,,Jaipur,Jaipur,302037,Rajasthan,,
91287712673012,,Arvind Mishra,6118376479,#REF!,,10/06/2002,O-,56,No,,,,Jaipur,Jaipur,302037,Rajasthan,,
91394040027455,,Sunil Choudhary ,9847255491,#REF!,,14/06/1985,AB-,95,Yes,,,,Jaipur,Jaipur,302038,Rajasthan,,
91160622141310,,Sara Choudhary ,9929811551,#REF!,Female ,11/06/1996,O+,85,Yes,,,,Jaipur,Jaipur,302019,Rajasthan,,
91461146321753,,Chirag Sharma,6107227118,#REF!,,09/06/2005,B-,54,No,,,,Jaipur,Jaipur,302018,Rajasthan,,
91156860812521,,Jakir Hussain,6181354260,#REF!,,19/06/1964,AB-,74,Yes,,,,Jaipur,Jaipur,302024,Rajasthan,,
91476181426638,,Priyanka Gurjar ,9828898604,#REF!,Female ,15/06/1983,A+,85,Yes,,,,Jaipur,Jaipur,302036,Rajasthan,,
91379395473319,,Dharmendra ,9914037504,#REF!,,12/06/1995,A+,56,Yes,,,,Jaipur,Jaipur,302036,Rajasthan,,
91483390591561,,,9866054539,#REF!,,18/06/1968,O-,70,Yes,,,,Jaipur,Jaipur,302009,Rajasthan,,
91756345306575,,,9864202860,#REF!,,11/06/1998,AB-,61,Yes,,,,Jaipur,Jaipur,302038,Rajasthan,,
91461685335151,,,6186529593,#REF!,,15/06/1980,AB-,95,Yes,,,,Jaipur,Jaipur,302036,Rajasthan,,
91071462068643,,,9968443779,#REF!,,17/06/1973,O+,64,Yes,,,,Jaipur,Jaipur,302005,Rajasthan,,
91854689229452,,,9888371176,#REF!,,16/06/1979,O-,83,Yes,,,,Jaipur,Jaipur,302021,Rajasthan,,
91590539933462,,,9830894856,#REF!,,15/06/1980,O+,97,Yes,,,,Jaipur,Jaipur,302018,Rajasthan,,
91967861637946,,,9818687176,#REF!,,15/06/1982,AB-,98,Yes,,,,Jaipur,Jaipur,302038,Rajasthan,,
91966832646075,,,9998251922,#REF!,,18/06/1969,A+,74,Yes,,,,Jaipur,Jaipur,302017,Rajasthan,,
91411314881440,,,9960429462,#REF!,,13/06/1991,AB-,61,Yes,,,,Jaipur,Jaipur,302018,Rajasthan,,
91700519860181,,,6118830313,#REF!,,10/06/2001,O+,46,Yes,,,,Jaipur,Jaipur,302019,Rajasthan,,
91475108437182,,,9858063252,#REF!,,19/06/1965,O-,76,Yes,,,,Jaipur,Jaipur,302023,Rajasthan,,
91379387016756,,,9869370031,#REF!,,13/06/1991,AB-,87,Yes,,,,Jaipur,Jaipur,302021,Rajasthan,,
91513505924416,,,9850443055,#REF!,,18/06/1971,O+,65,Yes,,,,Jaipur,Jaipur,302017,Rajasthan,,
91174457013292,,,9870991576,#REF!,,13/06/1989,O-,92,Yes,,,,Jaipur,Jaipur,302024,Rajasthan,,
91105557640704,,,6111892121,#REF!,,13/06/1988,O-,96,Yes,,,,Jaipur,Jaipur,302037,Rajasthan,,
91881444255775,,,6119708352,#REF!,,16/06/1976,AB+,70,Yes,,,,Jaipur,Jaipur,302005,Rajasthan,,
91776323014443,,,9861905229,#REF!,,15/06/1980,O-,95,Yes,,,,Jaipur,Jaipur,302008,Rajasthan,,
91105063378797,,,6172763633,#REF!,,17/06/1975,A+,50,Yes,,,,Jaipur,Jaipur,302005,Rajasthan,,
91923941203398,,,9850580718,#REF!,,16/06/1977,O-,94,Yes,,,,Jaipur,Jaipur,302009,Rajasthan,,
91204227063248,,,6166031683,#REF!,,10/06/2002,B-,97,No,,,,Jaipur,Jaipur,302021,Rajasthan,,
91578555727857,,,9804825028,#REF!,,15/06/1983,A-,55,Yes,,,,Jaipur,Jaipur,302016,Rajasthan,,
91211151702553,,,9845955654,#REF!,,11/06/1996,AB+,77,Yes,,,,Jaipur,Jaipur,302026,Rajasthan,,
91926552638770,,,6163547978,#REF!,,11/06/1996,B-,70,Yes,,,,Jaipur,Jaipur,302017,Rajasthan,,
91247981185200,,,6177930230,#REF!,,13/06/1991,AB-,60,Yes,,,,Jaipur,Jaipur,302026,Rajasthan,,
91671719807170,,,6175117922,#REF!,,11/06/1998,B+,87,Yes,,,,Jaipur,Jaipur,302009,Rajasthan,,
91642680705555,,,9976020575,#REF!,,17/06/1974,A-,68,Yes,,,,Jaipur,Jaipur,302019,Rajasthan,,
91374548662060,,,6112359220,#REF!,,15/06/1983,A-,99,Yes,,,,Jaipur,Jaipur,302024,Rajasthan,,
91663695410878,,,9935814155,#REF!,,10/06/2001,O+,53,Yes,,,,Jaipur,Jaipur,302038,Rajasthan,,
91495921105697,,,6177858245,#REF!,,19/06/1965,B-,86,Yes,,,,Jaipur,Jaipur,302019,Rajasthan,,